name ,temperature,sodium,magnesium,reaction rate constant,timescale,concentration duplex,concentration invader,incumbent dangle,incumbent,target,invader,sequence5,sequence6,sequence7,sequence8,toeholdm,toeholdn,Additional reaction rate constant,error rate,ms,ns,mismatchposition
10nt ,23,0.05,0.01,2557861.171,,0.000000005,0.000000005,TGGTGTTTGTGGGTGT,TGGTGTTTGTGGGTGTGGTGAGTTTGAGGTTGA,CCCTCCACATTCAACCTCAAACTCACC,GGTGAGTTTGAGGTTGAATGTGGAGGG,,,,,10,,,,,,-1
10nt,23,0.05,0.01,626179.9748,,0.000000005,0.000000005,TGGTGTTTGTGGGTGT,TGGTGTTTGTGGGTGTGGTGAGTTTGAGGTTGA,CCCTCCACATTCAACCTCAAACTCACC,GGTGAGTTTGAGGTTCAATGTGGAGGG,,,,,10,,,,,,2
10nt,23,0.05,0.01,324752.788,,0.000000005,0.000000005,TGGTGTTTGTGGGTGT,TGGTGTTTGTGGGTGTGGTGAGTTTGAGGTGAT,CCCTCCACATATCACCTCAAACTCACC,GGTGAGTTTGAGGTCATATGTGGAGGG,,,,,10,,,,,,3
10nt,23,0.05,0.01,295728.1886,,0.000000005,0.000000005,TGGTGTTTGTGGGTGT,TGGTGTTTGTGGGTGTGGTGAGTTTGAGTGAGT,CCCTCCACATACTCACTCAAACTCACC,GGTGAGTTTGAGTCAGTATGTGGAGGG,,,,,10,,,,,,4
10nt,23,0.05,0.01,217299.7691,,0.000000005,0.000000005,TGGTGTTTGTGGGTGT,TGGTGTTTGTGGGTGTGGTGAGTTTGATGAGGT,CCCTCCACATACCTCATCAAACTCACC,GGTGAGTTTGATCAGGTATGTGGAGGG,,,,,10,,,,,,5
10nt,23,0.05,0.01,280260.4987,,0.000000005,0.000000005,TGGTGTTTGTGGGTGT,TGGTGTTTGTGGGTGTGGTGAGTTTGTGAAGGT,CCCTCCACATACCTTCACAAACTCACC,GGTGAGTTTGTCAAGGTATGTGGAGGG,,,,,10,,,,,,6
10nt,23,0.05,0.01,223080.7601,,0.000000005,0.000000005,TGGTGTTTGTGGGTGT,TGGTGTTTGTGGGTGTGGTGAGTTTTGAGAGGT,CCCTCCACATACCTCTCAAAACTCACC,GGTGAGTTTTCAGAGGTATGTGGAGGG,,,,,10,,,,,,7
10nt,23,0.05,0.01,295421.8481,,0.000000005,0.000000005,TGGTGTTTGTGGGTGT,TGGTGTTTGTGGGTGTGGTGAGTTTGATGAGGT,CCCTCCACATACCTCATCAAACTCACC,GGTGAGTTTCATGAGGTATGTGGAGGG,,,,,10,,,,,,8
10nt,23,0.05,0.01,472191.8964,,0.000000005,0.000000005,TGGTGTTTGTGGGTGT,TGGTGTTTGTGGGTGTGGTGAGTTGATTGAGGT,CCCTCCACATACCTCAATCAACTCACC,GGTGAGTTCATTGAGGTATGTGGAGGG,,,,,10,,,,,,9
10nt,23,0.05,0.01,1638338.364,,0.000000005,0.000000005,TGGTGTTTGTGGGTGT,TGGTGTTTGTGGGTGTGGTGAGTGATTTGAGGT,CCCTCCACATACCTCAAATCACTCACC,GGTGAGTCATTTGAGGTATGTGGAGGG,,,,,10,,,,,,10
10nt,23,0.05,0.01,3656080.537,,0.000000005,0.000000005,TGGTGTTTGTGGGTGT,TGGTGTTTGTGGGTGTGGTGAGTTTGAGGTTGA,CCCTCCACATTCAACCTCAAACTCACC,GGTGACTTTGAGGTTGAATGTGGAGGG,,,,,10,,,,,,12
10nt,23,0.05,0.01,6083745.566,,0.000000005,0.000000005,TGGTGTTTGTGGGTGT,TGGTGTTTGTGGGTGTGGTGAGTTTGAGGTTGA,CCCTCCACATTCAACCTCAAACTCACC,GGTCAGTTTGAGGTTGAATGTGGAGGG,,,,,10,,,,,,14
7nt,23,0.05,0.01,1454757.811,,0.000000005,0.000000005,TGGTGTTTGTGGGTGT,TGGTGTTTGTGGGTGTGGTGAGTTTGAGGTTGA,CCCTCCACATTCAACCTCAAACTCACC,GGTGAGTTTGAGGTTGAATGTGGA,,,,,7,,,,,,-1
7nt,23,0.05,0.01,1513.979623,,0.00000001,0.00000001,TGGTGTTTGTGGGTGT,TGGTGTTTGTGGGTGTGGTGAGTTTGAGGTTGA,CCCTCCACATTCAACCTCAAACTCACC,GGTGAGTTTGAGGTTCAATGTGGA,,,,,7,,,,,,2
7nt,23,0.05,0.01,1272.700403,,0.00000001,0.00000001,TGGTGTTTGTGGGTGT,TGGTGTTTGTGGGTGTGGTGAGTTTGAGGTGAT,CCCTCCACATATCACCTCAAACTCACC,GGTGAGTTTGAGGTCATATGTGGA,,,,,7,,,,,,3
7nt,23,0.05,0.01,3763.083768,,0.00000001,0.00000001,TGGTGTTTGTGGGTGT,TGGTGTTTGTGGGTGTGGTGAGTTTGAGTGAGT,CCCTCCACATACTCACTCAAACTCACC,GGTGAGTTTGAGTCAGTATGTGGA,,,,,7,,,,,,4
7nt,23,0.05,0.01,1205.300325,,0.00000001,0.00000001,TGGTGTTTGTGGGTGT,TGGTGTTTGTGGGTGTGGTGAGTTTGATGAGGT,CCCTCCACATACCTCATCAAACTCACC,GGTGAGTTTGATCAGGTATGTGGA,,,,,7,,,,,,5
7nt,23,0.05,0.01,4074.295396,,0.00000001,0.00000001,TGGTGTTTGTGGGTGT,TGGTGTTTGTGGGTGTGGTGAGTTTGTGAAGGT,CCCTCCACATACCTTCACAAACTCACC,GGTGAGTTTGTCAAGGTATGTGGA,,,,,7,,,,,,6
7nt,23,0.05,0.01,3245.284782,,0.000000005,0.000000005,TGGTGTTTGTGGGTGT,TGGTGTTTGTGGGTGTGGTGAGTTTTGAGAGGT,CCCTCCACATACCTCTCAAAACTCACC,GGTGAGTTTTCAGAGGTATGTGGA,,,,,7,,,,,,7
7nt,23,0.05,0.01,6086.899049,,0.000000005,0.000000005,TGGTGTTTGTGGGTGT,TGGTGTTTGTGGGTGTGGTGAGTTTGATGAGGT,CCCTCCACATACCTCATCAAACTCACC,GGTGAGTTTCATGAGGTATGTGGA,,,,,7,,,,,,8
7nt,23,0.05,0.01,10535.51243,,0.000000005,0.000000005,TGGTGTTTGTGGGTGT,TGGTGTTTGTGGGTGTGGTGAGTTGATTGAGGT,CCCTCCACATACCTCAATCAACTCACC,GGTGAGTTCATTGAGGTATGTGGA,,,,,7,,,,,,9
7nt,23,0.05,0.01,37585.36349,,0.000000005,0.000000005,TGGTGTTTGTGGGTGT,TGGTGTTTGTGGGTGTGGTGAGTGATTTGAGGT,CCCTCCACATACCTCAAATCACTCACC,GGTGAGTCATTTGAGGTATGTGGA,,,,,7,,,,,,10
7nt,23,0.05,0.01,659143.1527,,0.000000005,0.000000005,TGGTGTTTGTGGGTGT,TGGTGTTTGTGGGTGTGGTGAGTTTGAGGTTGA,CCCTCCACATTCAACCTCAAACTCACC,GGTGACTTTGAGGTTGAATGTGGA,,,,,7,,,,,,12
7nt,23,0.05,0.01,2650976.339,,0.000000005,0.000000005,TGGTGTTTGTGGGTGT,TGGTGTTTGTGGGTGTGGTGAGTTTGAGGTTGA,CCCTCCACATTCAACCTCAAACTCACC,GGTCAGTTTGAGGTTGAATGTGGA,,,,,7,,,,,,14
6nt ,23,0.05,0.01,2699496.823,,0.000000005,0.000000005,TGGTGTTTGTGGGTGT,TGGTGTTTGTGGGTGTGGTGAGTTTGAGGTTGA,CCCTCCACATTCAACCTCAAACTCACC,GGTGAGTTTGAGGTTGAATGTGG,,,,,6,,,,,,-1
6nt,23,0.05,0.01,518.8045197,,0.00000001,0.00000001,TGGTGTTTGTGGGTGT,TGGTGTTTGTGGGTGTGGTGAGTTTGAGGTTGA,CCCTCCACATTCAACCTCAAACTCACC,GGTGAGTTTGAGGTTCAATGTGG,,,,,6,,,,,,2
6nt,23,0.05,0.01,1306.78473,,0.00000001,0.00000001,TGGTGTTTGTGGGTGT,TGGTGTTTGTGGGTGTGGTGAGTTTGAGGTGAT,CCCTCCACATATCACCTCAAACTCACC,GGTGAGTTTGAGGTCATATGTGG,,,,,6,,,,,,3
6nt,23,0.05,0.01,1255.450806,,0.00000001,0.00000001,TGGTGTTTGTGGGTGT,TGGTGTTTGTGGGTGTGGTGAGTTTGAGTGAGT,CCCTCCACATACTCACTCAAACTCACC,GGTGAGTTTGAGTCAGTATGTGG,,,,,6,,,,,,4
6nt,23,0.05,0.01,1493.201885,,0.00000001,0.00000001,TGGTGTTTGTGGGTGT,TGGTGTTTGTGGGTGTGGTGAGTTTGATGAGGT,CCCTCCACATACCTCATCAAACTCACC,GGTGAGTTTGATCAGGTATGTGG,,,,,6,,,,,,5
6nt,23,0.05,0.01,1513.456673,,0.00000001,0.00000001,TGGTGTTTGTGGGTGT,TGGTGTTTGTGGGTGTGGTGAGTTTGTGAAGGT,CCCTCCACATACCTTCACAAACTCACC,GGTGAGTTTGTCAAGGTATGTGG,,,,,6,,,,,,6
6nt,23,0.05,0.01,2292.1343,,0.00000001,0.00000001,TGGTGTTTGTGGGTGT,TGGTGTTTGTGGGTGTGGTGAGTTTTGAGAGGT,CCCTCCACATACCTCTCAAAACTCACC,GGTGAGTTTTCAGAGGTATGTGG,,,,,6,,,,,,7
6nt,23,0.05,0.01,2584.06287,,0.00000001,0.00000001,TGGTGTTTGTGGGTGT,TGGTGTTTGTGGGTGTGGTGAGTTTGATGAGGT,CCCTCCACATACCTCATCAAACTCACC,GGTGAGTTTCATGAGGTATGTGG,,,,,6,,,,,,8
6nt,23,0.05,0.01,3612.762895,,0.00000001,0.00000001,TGGTGTTTGTGGGTGT,TGGTGTTTGTGGGTGTGGTGAGTTGATTGAGGT,CCCTCCACATACCTCAATCAACTCACC,GGTGAGTTCATTGAGGTATGTGG,,,,,6,,,,,,9
6nt,23,0.05,0.01,5927.11305,,0.00000001,0.00000001,TGGTGTTTGTGGGTGT,TGGTGTTTGTGGGTGTGGTGAGTGATTTGAGGT,CCCTCCACATACCTCAAATCACTCACC,GGTGAGTCATTTGAGGTATGTGG,,,,,6,,,,,,10
6nt,23,0.05,0.01,73390.76427,,0.000000005,0.000000005,TGGTGTTTGTGGGTGT,TGGTGTTTGTGGGTGTGGTGAGTTTGAGGTTGA,CCCTCCACATTCAACCTCAAACTCACC,GGTGACTTTGAGGTTGAATGTGG,,,,,6,,,,,,12
6nt,23,0.05,0.01,2141325.41,,0.000000005,0.000000005,TGGTGTTTGTGGGTGT,TGGTGTTTGTGGGTGTGGTGAGTTTGAGGTTGA,CCCTCCACATTCAACCTCAAACTCACC,GGTCAGTTTGAGGTTGAATGTGG,,,,,6,,,,,,14
